Dataset,Correct,Incorrect,Accuracy (CV),Precision (Train),Recall (Train),F1 (Train)
original,685,435,0.6116071428571429,0.6891965522046263,0.7042268147360876,0.6942520483265789
additional,897,223,0.8008928571428573,0.8640159844677511,0.8421450945098066,0.8493619535095017
mi,577,543,0.5160714285714285,0.5824411974658303,0.5632224308064541,0.5630784551242786
rfe,654,466,0.5839285714285715,0.6556971609059034,0.6526656463559183,0.6502619819968948
